1106;Stars_swf$de9dc153578c056528c630561583ec3c-1241344893
1099;Stars_swf$de9dc153578c056528c630561583ec3c-128880091
1261;Stars_swf$de9dc153578c056528c630561583ec3c-4823462
1276;net.jpauclair.Options_Gradient
1127;Stars_swf$de9dc153578c056528c630561583ec3c860866534
1184;Stars_swf$de9dc153578c056528c630561583ec3c1283175750
1057;Stars_swf$de9dc153578c056528c630561583ec3c1683616339
1257;Stars_swf$de9dc153578c056528c630561583ec3c-1338665515
1267;net.jpauclair.FlashPreloadProfiler_mLogo
1186;Stars_swf$de9dc153578c056528c630561583ec3c-1266417221
1166;Stars_swf$de9dc153578c056528c630561583ec3c-1963219982
1198;Stars_swf$de9dc153578c056528c630561583ec3c902117528
1290;net.jpauclair.Options_IconDiskOver
1278;net.jpauclair.Options_IconArrowUp
1300;net.jpauclair.Options_IconMouseOut
1068;Stars_swf$de9dc153578c056528c630561583ec3c-2014221843
1140;Stars_swf$de9dc153578c056528c630561583ec3c-1139372845
1194;Stars_swf$de9dc153578c056528c630561583ec3c1210546548
1078;Stars_swf$de9dc153578c056528c630561583ec3c-1491657427
1095;Stars_swf$de9dc153578c056528c630561583ec3c1483970584
1059;Stars_swf$de9dc153578c056528c630561583ec3c185902340
1249;Stars_swf$de9dc153578c056528c630561583ec3c173747592
1143;Stars_swf$de9dc153578c056528c630561583ec3c151523281
1297;net.jpauclair.Options_IconMonster
1168;Stars_swf$de9dc153578c056528c630561583ec3c-2058084773
1233;Stars_swf$de9dc153578c056528c630561583ec3c1382281214
1124;Stars_swf$de9dc153578c056528c630561583ec3c-394386721
1069;Stars_swf$de9dc153578c056528c630561583ec3c1657876723
1225;Stars_swf$de9dc153578c056528c630561583ec3c1876855888
1243;Stars_swf$de9dc153578c056528c630561583ec3c-1136645247
1227;Stars_swf$de9dc153578c056528c630561583ec3c1876855889
1295;net.jpauclair.Options_IconMinimize
1305;net.jpauclair.Options_IconProfiler
1142;Stars_swf$de9dc153578c056528c630561583ec3c-495330646
1259;Stars_swf$de9dc153578c056528c630561583ec3c57738391
1263;Stars_swf$de9dc153578c056528c630561583ec3c336259577
1296;net.jpauclair.Options_IconMinimizeOut
1070;Stars_swf$de9dc153578c056528c630561583ec3c-1643884512
1271;net.jpauclair.window.PerformanceProfiler_IconArrowDown
1054;Stars_swf$de9dc153578c056528c630561583ec3c1877422567
1229;Stars_swf$de9dc153578c056528c630561583ec3c-1586989829
1039;Stars_swf$de9dc153578c056528c630561583ec3c190252125
1173;Stars_swf$de9dc153578c056528c630561583ec3c-999409329
1236;Stars_swf$de9dc153578c056528c630561583ec3c852874085
1234;Stars_swf$de9dc153578c056528c630561583ec3c1305536630
1091;Stars_swf$de9dc153578c056528c630561583ec3c1136648155
1094;Stars_swf$de9dc153578c056528c630561583ec3c-261229558
1218;Stars_swf$de9dc153578c056528c630561583ec3c1876855898
1151;Stars_swf$de9dc153578c056528c630561583ec3c-153305037
1235;Stars_swf$de9dc153578c056528c630561583ec3c1060136090
1238;Stars_swf$de9dc153578c056528c630561583ec3c1744035904
1056;Stars_swf$de9dc153578c056528c630561583ec3c-180036281
1172;Stars_swf$de9dc153578c056528c630561583ec3c275088708
1178;Stars_swf$de9dc153578c056528c630561583ec3c-11348867
1120;Stars_swf$de9dc153578c056528c630561583ec3c778032324
1213;Stars_swf$de9dc153578c056528c630561583ec3c710204204
1085;Stars_swf$de9dc153578c056528c630561583ec3c602016173
1062;Stars_swf$de9dc153578c056528c630561583ec3c1011982916
1224;Stars_swf$de9dc153578c056528c630561583ec3c-560526053
1248;Stars_swf$de9dc153578c056528c630561583ec3c-2077205533
1088;Stars_swf$de9dc153578c056528c630561583ec3c-1484780069
1282;net.jpauclair.Options_IconClear
1216;Stars_swf$de9dc153578c056528c630561583ec3c-691170993
1309;net.jpauclair.Options_IconTrash
1097;Stars_swf$de9dc153578c056528c630561583ec3c2054388226
1141;Stars_swf$de9dc153578c056528c630561583ec3c1465251229
1281;net.jpauclair.Options_IconCamOut
1286;net.jpauclair.Options_IconConfig
1145;Stars_swf$de9dc153578c056528c630561583ec3c-664332155
1156;Stars_swf$de9dc153578c056528c630561583ec3c-53926967
1192;Stars_swf$de9dc153578c056528c630561583ec3c-592726043
1299;net.jpauclair.Options_IconMouse
1175;Stars_swf$de9dc153578c056528c630561583ec3c-1223622089
1041;Stars_swf$de9dc153578c056528c630561583ec3c-1217207219
1260;Stars_swf$de9dc153578c056528c630561583ec3c-2036735630
1280;net.jpauclair.Options_IconCam
1294;net.jpauclair.Options_IconLoadersOut
1209;Stars_swf$de9dc153578c056528c630561583ec3c-541203252
1250;Stars_swf$de9dc153578c056528c630561583ec3c-341404555
1303;net.jpauclair.Options_IconPercent
1273;net.jpauclair.window.PerformanceProfiler_IconStackOut
1304;net.jpauclair.Options_IconPercentOut
1147;Stars_swf$de9dc153578c056528c630561583ec3c15469056
1266;Stars_swf$de9dc153578c056528c630561583ec3c708185551
1146;Stars_swf$de9dc153578c056528c630561583ec3c-331051870
1055;Stars_swf$de9dc153578c056528c630561583ec3c1133569425
776;Stars_swf$de9dc153578c056528c630561583ec3c-2082132369
1289;net.jpauclair.Options_IconDiskOut
1197;Stars_swf$de9dc153578c056528c630561583ec3c264799380
1242;Stars_swf$de9dc153578c056528c630561583ec3c-599661062
1080;Stars_swf$de9dc153578c056528c630561583ec3c55384840
1110;Stars_swf$de9dc153578c056528c630561583ec3c-504605852
1082;Stars_swf$de9dc153578c056528c630561583ec3c1246990357
1272;net.jpauclair.window.PerformanceProfiler_IconStack
1210;Stars_swf$de9dc153578c056528c630561583ec3c611315994
1086;Stars_swf$de9dc153578c056528c630561583ec3c725184361
1177;Stars_swf$de9dc153578c056528c630561583ec3c1941263001
1244;Stars_swf$de9dc153578c056528c630561583ec3c-1945450549
1274;net.jpauclair.Options_DebugerIcon
1212;Stars_swf$de9dc153578c056528c630561583ec3c-1697267795
1279;net.jpauclair.Options_IconArrowUpOut
1291;net.jpauclair.Options_IconLifeCycle
1104;Stars_swf$de9dc153578c056528c630561583ec3c-301463416
1154;Stars_swf$de9dc153578c056528c630561583ec3c378863727
1148;Stars_swf$de9dc153578c056528c630561583ec3c-2127140901
1114;Stars_swf$de9dc153578c056528c630561583ec3c745663713
1113;Stars_swf$de9dc153578c056528c630561583ec3c186817965
1112;Stars_swf$de9dc153578c056528c630561583ec3c445107213
1111;Stars_swf$de9dc153578c056528c630561583ec3c445107214
1093;Stars_swf$de9dc153578c056528c630561583ec3c1515873853
1219;Stars_swf$de9dc153578c056528c630561583ec3c1962733432
1270;net.jpauclair.window.LoaderProfiler_IconStackOut
1128;Stars_swf$de9dc153578c056528c630561583ec3c-495330605
1071;Stars_swf$de9dc153578c056528c630561583ec3c1522769129
1285;net.jpauclair.Options_IconClockOut
1079;Stars_swf$de9dc153578c056528c630561583ec3c-1673158656
1191;Stars_swf$de9dc153578c056528c630561583ec3c599193339
1277;net.jpauclair.Options_IconArrowDownOut
1189;Stars_swf$de9dc153578c056528c630561583ec3c-1755574252
1065;Stars_swf$de9dc153578c056528c630561583ec3c1877422590
1204;Stars_swf$de9dc153578c056528c630561583ec3c-319314544
1228;Stars_swf$de9dc153578c056528c630561583ec3c31394894
1157;Stars_swf$de9dc153578c056528c630561583ec3c943756608
1130;Stars_swf$de9dc153578c056528c630561583ec3c-1764117899
1174;Stars_swf$de9dc153578c056528c630561583ec3c2071808095
1220;Stars_swf$de9dc153578c056528c630561583ec3c492782810
1169;Stars_swf$de9dc153578c056528c630561583ec3c1864411189
1116;Stars_swf$de9dc153578c056528c630561583ec3c-1939581710
1187;Stars_swf$de9dc153578c056528c630561583ec3c599193332
1072;Stars_swf$de9dc153578c056528c630561583ec3c338852895
1214;Stars_swf$de9dc153578c056528c630561583ec3c-846752006
1258;Stars_swf$de9dc153578c056528c630561583ec3c-707687372
1308;net.jpauclair.Options_IconStatsOut
1199;Stars_swf$de9dc153578c056528c630561583ec3c-1203767970
1208;Stars_swf$de9dc153578c056528c630561583ec3c-707671903
1119;Stars_swf$de9dc153578c056528c630561583ec3c-1085884964
1245;Stars_swf$de9dc153578c056528c630561583ec3c-1586234698
1060;Stars_swf$de9dc153578c056528c630561583ec3c-1227282741
405;Stars_swf$de9dc153578c056528c630561583ec3c484093759
1084;Stars_swf$de9dc153578c056528c630561583ec3c55384838
1144;Stars_swf$de9dc153578c056528c630561583ec3c-2039112017
1195;Stars_swf$de9dc153578c056528c630561583ec3c-846247207
1061;Stars_swf$de9dc153578c056528c630561583ec3c-1063288181
1211;Stars_swf$de9dc153578c056528c630561583ec3c-1583569173
1083;Stars_swf$de9dc153578c056528c630561583ec3c55384839
1283;net.jpauclair.Options_IconClearOut
1190;Stars_swf$de9dc153578c056528c630561583ec3c599193341
1264;Stars_swf$de9dc153578c056528c630561583ec3c1479159261
1100;Stars_swf$de9dc153578c056528c630561583ec3c-538827878
1221;Stars_swf$de9dc153578c056528c630561583ec3c-61941308
1067;Stars_swf$de9dc153578c056528c630561583ec3c1877422589
1155;Stars_swf$de9dc153578c056528c630561583ec3c-261047156
1118;Stars_swf$de9dc153578c056528c630561583ec3c1029459908
1176;Stars_swf$de9dc153578c056528c630561583ec3c1676205248
1222;Stars_swf$de9dc153578c056528c630561583ec3c106663376
1129;Stars_swf$de9dc153578c056528c630561583ec3c1545563315
1089;Stars_swf$de9dc153578c056528c630561583ec3c1127608683
1253;Stars_swf$de9dc153578c056528c630561583ec3c-2144365579
1135;Stars_swf$de9dc153578c056528c630561583ec3c-2429077
1275;net.jpauclair.Options_DebugerIconDisable
1255;Stars_swf$de9dc153578c056528c630561583ec3c1129405581
1180;Stars_swf$de9dc153578c056528c630561583ec3c-1362225153
1310;net.jpauclair.Options_IconTrashOut
1183;Stars_swf$de9dc153578c056528c630561583ec3c1027355648
1301;net.jpauclair.Options_IconOverdraw
1066;Stars_swf$de9dc153578c056528c630561583ec3c-969739733
1133;Stars_swf$de9dc153578c056528c630561583ec3c445107255
1096;Stars_swf$de9dc153578c056528c630561583ec3c-1705522630
1163;Stars_swf$de9dc153578c056528c630561583ec3c-974332693
1150;Stars_swf$de9dc153578c056528c630561583ec3c821619222
1117;Stars_swf$de9dc153578c056528c630561583ec3c-469349743
1298;net.jpauclair.Options_IconMonsterOut
1064;Stars_swf$de9dc153578c056528c630561583ec3c1217057938
1138;Stars_swf$de9dc153578c056528c630561583ec3c-1140769090
1251;Stars_swf$de9dc153578c056528c630561583ec3c1132112557
1170;Stars_swf$de9dc153578c056528c630561583ec3c-1655170482
1230;Stars_swf$de9dc153578c056528c630561583ec3c-4651987
1075;Stars_swf$de9dc153578c056528c630561583ec3c602016214
1160;Stars_swf$de9dc153578c056528c630561583ec3c95996603
1205;Stars_swf$de9dc153578c056528c630561583ec3c-1550007045
1246;Stars_swf$de9dc153578c056528c630561583ec3c-1272977454
1196;Stars_swf$de9dc153578c056528c630561583ec3c1539477662
1306;net.jpauclair.Options_IconProfilerOut
1108;Stars_swf$de9dc153578c056528c630561583ec3c1780432538
1254;Stars_swf$de9dc153578c056528c630561583ec3c-1212431263
1226;Stars_swf$de9dc153578c056528c630561583ec3c-1297550553
1247;Stars_swf$de9dc153578c056528c630561583ec3c1836059327
1185;Stars_swf$de9dc153578c056528c630561583ec3c1427091504
1132;Stars_swf$de9dc153578c056528c630561583ec3c1609060167
1131;Stars_swf$de9dc153578c056528c630561583ec3c1609060166
1252;Stars_swf$de9dc153578c056528c630561583ec3c-1161512163
1074;Stars_swf$de9dc153578c056528c630561583ec3c84740414
1115;Stars_swf$de9dc153578c056528c630561583ec3c-1569540894
1076;Stars_swf$de9dc153578c056528c630561583ec3c-260052409
1232;Stars_swf$de9dc153578c056528c630561583ec3c-380814127
1181;Stars_swf$de9dc153578c056528c630561583ec3c2090703275
1302;net.jpauclair.Options_IconOverdrawOut
1101;Stars_swf$de9dc153578c056528c630561583ec3c213938875
1153;Stars_swf$de9dc153578c056528c630561583ec3c-1028993966
1158;Stars_swf$de9dc153578c056528c630561583ec3c1427535892
1161;Stars_swf$de9dc153578c056528c630561583ec3c-407464782
1201;Stars_swf$de9dc153578c056528c630561583ec3c-977165661
1203;Stars_swf$de9dc153578c056528c630561583ec3c-977165660
1073;Stars_swf$de9dc153578c056528c630561583ec3c338852864
1126;Stars_swf$de9dc153578c056528c630561583ec3c170592386
1159;Stars_swf$de9dc153578c056528c630561583ec3c-696472706
1162;Stars_swf$de9dc153578c056528c630561583ec3c-1759781346
1107;Stars_swf$de9dc153578c056528c630561583ec3c-723081117
1109;Stars_swf$de9dc153578c056528c630561583ec3c-590563766
1105;Stars_swf$de9dc153578c056528c630561583ec3c295291673
1231;Stars_swf$de9dc153578c056528c630561583ec3c-2145109072
1256;Stars_swf$de9dc153578c056528c630561583ec3c668165132
1206;Stars_swf$de9dc153578c056528c630561583ec3c209433362
1103;Stars_swf$de9dc153578c056528c630561583ec3c123468582
1040;Stars_swf$de9dc153578c056528c630561583ec3c-1271782086
1179;Stars_swf$de9dc153578c056528c630561583ec3c-612004683
1293;net.jpauclair.Options_IconLoaders
1102;Stars_swf$de9dc153578c056528c630561583ec3c123468583
1269;net.jpauclair.window.LoaderProfiler_IconStack
1121;Stars_swf$de9dc153578c056528c630561583ec3c1713836732
1217;Stars_swf$de9dc153578c056528c630561583ec3c-1631215290
1152;Stars_swf$de9dc153578c056528c630561583ec3c-283089453
1139;Stars_swf$de9dc153578c056528c630561583ec3c-261047117
1284;net.jpauclair.Options_IconClock
1188;Stars_swf$de9dc153578c056528c630561583ec3c-313237998
1092;Stars_swf$de9dc153578c056528c630561583ec3c1169327063
1165;Stars_swf$de9dc153578c056528c630561583ec3c-1819083621
1063;Stars_swf$de9dc153578c056528c630561583ec3c1346915920
1164;Stars_swf$de9dc153578c056528c630561583ec3c128242861
1167;Stars_swf$de9dc153578c056528c630561583ec3c1833849410
1262;Stars_swf$de9dc153578c056528c630561583ec3c327015058
1125;Stars_swf$de9dc153578c056528c630561583ec3c-916629508
1223;Stars_swf$de9dc153578c056528c630561583ec3c-119816361
1237;Stars_swf$de9dc153578c056528c630561583ec3c329264146
1202;Stars_swf$de9dc153578c056528c630561583ec3c888492439
1239;Stars_swf$de9dc153578c056528c630561583ec3c774078359
1240;Stars_swf$de9dc153578c056528c630561583ec3c774078358
1134;Stars_swf$de9dc153578c056528c630561583ec3c-1762902435
1077;Stars_swf$de9dc153578c056528c630561583ec3c-2115715618
1058;Stars_swf$de9dc153578c056528c630561583ec3c-420984605
1137;Stars_swf$de9dc153578c056528c630561583ec3c-413341713
1307;net.jpauclair.Options_IconStats
1200;Stars_swf$de9dc153578c056528c630561583ec3c-1133390576
1268;net.jpauclair.window.Configuration_IconLinkOut
1193;Stars_swf$de9dc153578c056528c630561583ec3c472907616
1081;Stars_swf$de9dc153578c056528c630561583ec3c2018968594
1123;Stars_swf$de9dc153578c056528c630561583ec3c404310150
1149;Stars_swf$de9dc153578c056528c630561583ec3c-999371136
1136;Stars_swf$de9dc153578c056528c630561583ec3c1447997692
1287;net.jpauclair.Options_IconConfigOut
1087;Stars_swf$de9dc153578c056528c630561583ec3c193484755
1171;Stars_swf$de9dc153578c056528c630561583ec3c-461061733
1265;Stars_swf$de9dc153578c056528c630561583ec3c-349105466
1098;Stars_swf$de9dc153578c056528c630561583ec3c123468584
1182;Stars_swf$de9dc153578c056528c630561583ec3c202005809
1241;Stars_swf$de9dc153578c056528c630561583ec3c774078360
1215;Stars_swf$de9dc153578c056528c630561583ec3c673221537
1292;net.jpauclair.Options_IconLifeCyclesOut
1207;Stars_swf$de9dc153578c056528c630561583ec3c-458328635
1122;Stars_swf$de9dc153578c056528c630561583ec3c-925572529
1090;Stars_swf$de9dc153578c056528c630561583ec3c-925821263
1288;net.jpauclair.Options_IconDisk
0;Star
